"","NameOfTheory","Authors","Year","Title","DOI","url","isbn","Notes","Approach/Cluster","Primary/Secondary","Science &Tech (1 - primary, 2 secondary)","Knowl co-creation (1 - primary, 2 secondary)","Systems (1 - primary, 2 secondary)","Inner (1 - primary, 2 secondary)","Empowerment (1 - primary, 2 secondary)","Structural (1 - primary, 2 secondary)"
"1","Epistemic communities","Haas","1992","Knowledge, power and international policy coordination",NA,"https://www.jstor.org/stable/i327218",NA,NA,NA,NA,1,2,2,NA,NA,2
"2","Epistemic communities","Haas","2015","Epistemic communities, constructivism, and international environmental politics","https://doi.org/10.4324/9781315717906",NA,"1317511395",NA,NA,NA,1,2,2,NA,NA,2
"3","Epistemic communities","Haas","2017","Coupling science to governance: straddling the science-policy interface 1 (in book: the politics of expertise in international organizations)","https://doi.org/10.4324/9781315542386-4",NA,"9781315542386",NA,NA,NA,1,2,2,NA,NA,2
"4","Epistemic communities","Haas","2004","When does power listen to truth? A constructivist approach to the policy process","https://doi.org/10.1080/1350176042000248034",NA,NA,NA,NA,NA,1,2,2,NA,NA,2
"5","Inclusive Innovation","Arocena, R. and Sutz, J.","2003","‘Inequality and Innovation as Seen from the South’","https://doi.org/10.1016/S0160-791X(03)00025-3",NA,NA,NA,NA,NA,1,1,NA,NA,2,NA
"6","Inclusive Innovation","Chataway, J., Hanlin, R. and Kaplinsky, R.","2014","Inclusive innovation: an architecture for policy development","https://doi.org/10.1080/2157930X.2013.876800",NA,NA,NA,NA,NA,1,1,NA,NA,2,NA
"7","Inclusive Innovation","Cozzens","2007","Distributive justice in science and technology policy","https://doi.org/10.3152/030234207X193619",NA,NA,NA,NA,NA,1,1,NA,NA,2,NA
"8","Inclusive Innovation","​​​Gómez Solórzano, M.","2013","“Trabajo precario global”. In: Gómez Solórzano y Pacheco Reyes (comp.) Trabajo informal, economía solidaria y autogestión. Precariedad laboral y resistencia en la globalización.",NA,NA,"9789507544590",NA,NA,NA,1,1,NA,NA,2,NA
"9","Inclusive Innovation","Kaplinsky, R., J. Chataway, N. Clark, R. Hanlin, D. Kale, L. Muraguri, T. Papaioannou, P. Robbins and W. Wamae.","2009","Below the radar: what does innovation in emerging economies have to offer other low-income economies?","https://doi.org/10.1386/ijtm.8.3.177/1",NA,NA,NA,NA,NA,1,1,NA,NA,2,NA
"10","Inclusive Innovation","Levidow, L. and Papaioannou, T.","2017","Which Inclusive Innovation? Competing Normative Assumptions Around Social Justice","https://doi.org/10.1080/2157930X.2017.1351605",NA,NA,NA,NA,NA,1,1,NA,NA,2,NA
"11","Inclusive Innovation","Pansera, M. and Owen, R.","2018","Framing Inclusive Innovation within the Discourse of Development: Insights from Case Studies in India","https://doi.org/10.1016/j.respol.2017.09.007",NA,NA,NA,NA,NA,1,1,NA,NA,2,NA
"12","Inclusive Innovation","Papaioannou, T.","2018","Inclusive Innovation for Development: Meeting the Demands of Justice through Public Action","https://doi.org/10.4324/9780203729724",NA,"9780367670467",NA,NA,NA,1,1,NA,NA,2,NA
"13","Inclusive Innovation","Prahalad, C. K.","2005","The Fortune of the Bottom of the Pyramid: Eradicating Poverty through Profits",NA,NA,"978-0131467507","In the table the year is 2005, but it was published in 2004 (which is also the year in Zotero)",NA,NA,1,1,NA,NA,2,NA
"14","Inclusive Innovation","Radjou, N. and Parbhu, J.","2015","Frugal Innovation: How to do better with less",NA,NA,"978-1610395052",NA,NA,NA,1,1,NA,NA,2,NA
"15","Value-centred leverage points to catalyse transformative change","Pascual, U. et al.","2023","Diverse values of nature for sustainability","https://doi.org/10.1038/s41586-023-06406-9",NA,NA,NA,NA,NA,NA,2,1,2,2,2
"16","Value-centred leverage points to catalyse transformative change","IPBES, Pascual, U. et al. eds.","2022","Summary for Policymakers of the Methodological Assessment of the Diverse Values and Valuation of Nature of the Intergovernmental Science-Policy Platform on Biodiversity and Ecosystem Services.","https://doi.org/10.5281/zenodo.6522392",NA,NA,NA,NA,NA,NA,2,1,2,2,2
"17","Value-centred leverage points to catalyse transformative change","Pörtner, H. O. et al.","2023","Overcoming the coupled climate and biodiversity crises and their societal impacts","https://doi.org/10.1126/science.abl4881",NA,NA,NA,NA,NA,NA,2,1,2,2,2
"18","Value-centred leverage points to catalyse transformative change","IPBES, Díaz, S. et al. (eds)","2019","Summary for Policymakers of the Global Assessment Report on Biodiversity and Ecosystem Services of the Intergovernmental Science-Policy Platform on Biodiversity and Ecosystem Services","https://doi.org/10.5281/zenodo.3553458",NA,NA,NA,NA,NA,NA,2,1,2,2,2
"19","Three Horizons","Curry, A., Hodgson, A.","2008","Seeing in Multiple Horizons: Connecting Futures to Strategy.",NA,"https://jfsdigital.org/articles-and-essays/2008-2/vol-13-no-1-august/articles/seeing-in-multiple-horizons-connecting-futures-to-strategy/",NA,NA,NA,NA,NA,1,2,NA,2,NA
"20","Three Horizons","Sharpe, B., Hodgson, A., Leicester, G., Lyon, A., Fazey, I.","2016","Three horizons: a pathways practice for transformation","https://doi.org/10.5751/ES-08388-210247",NA,NA,NA,NA,NA,NA,1,2,NA,2,NA
"21","Ethnoecology","Caillon, S., Cullman, G., Verschuuren, B., & Sterling, E. J.","2017","Moving beyond the human-nature dichotomy through biocultural approaches : Including ecological well-being in resilience indicators","https://doi.org/10.5751/es-09746-220427",NA,NA,NA,NA,NA,NA,1,NA,2,2,NA
"22","Ethnoecology","Ellen, Roy F.","2006","Ethnobiology and the science of humankind - Introduction",NA,"https://kar.kent.ac.uk/id/eprint/8537",NA,NA,NA,NA,NA,1,NA,2,2,NA
"23","Ethnoecology","Gavin, M. C., McCarter, J., Mead, A., Berkes, F., Stepp, J. R., Peterson, D., & Tang, R.","2015","Defining biocultural approaches to conservation","https://doi.org/10.1016/j.tree.2014.12.005",NA,NA,NA,NA,NA,NA,1,NA,2,2,NA
"24","Ethnoecology","Hunn, E. S., & Selam, J. and family.","1990","Nch’i Wa´na “The Big River”, Mid-Columbia Indians and their land",NA,NA,"978-0295971193",NA,NA,NA,NA,1,NA,2,2,NA
"25","Ethnoecology","Johnson, M. L., & Hunt, D. I.","2011","Ethnoecology and Landscapes","https://doi.org/10.1002/9781118015872.ch16",NA,NA,"The names of the authors are: Leslie Main Johnson and Iain Davidson-Hunt, which would be Johnson, L. M. and Davidson-Hunt, I.",NA,NA,NA,1,NA,2,2,NA
"26","Transformative sustainability science","Caniglia, G. et al.","2021","A pluralistic and integrated approach to action-oriented knowledge for sustainability","10.1038/s41893-020-00616-z",NA,NA,NA,NA,NA,2,1,2,NA,2,2
"27","Transformative sustainability science","Fazey, I. et al.","2018","Ten essentials for action-oriented and second order energy transitions, transformations and climate change research","10.1016/j.erss.2017.11.026",NA,NA,NA,NA,NA,2,1,2,NA,2,2
"28","Transformative sustainability science","O’Brien, K.","2012","Global environmental change II: From adaptation to deliberate transformation","10.1177/0309132511425767",NA,NA,NA,NA,NA,2,1,2,NA,2,2
"29","Transformative sustainability science","Scoones, I. et al.","2020","Transformations to sustainability : combining structural , systemic and enabling approaches","10.1016/j.cosust.2019.12.004",NA,NA,NA,NA,NA,2,1,2,NA,2,2
"30","Transformative sustainability science","Tengö, M. et al.","2017","Weaving knowledge systems in IPBES , CBD and beyond — lessons learned for sustainability","10.1016/j.cosust.2016.12.005",NA,NA,NA,NA,NA,2,1,2,NA,2,2
"31","Transformative sustainability science","Turnhout, E. et al.","2020","The politics of co-production: participation, power, and transformation","10.1016/j.cosust.2019.11.009",NA,NA,NA,NA,NA,2,1,2,NA,2,2
"32","Environmental History : Environmentalism of the Poors and Environmental Coloniality","Burke III, E., & Pomeranz, K.","2009","The Environment and World History",NA,"https://www.jstor.org/stable/10.1525/j.ctt",NA,NA,NA,NA,NA,NA,NA,NA,1,2
"33","Environmental History : Environmentalism of the Poors and Environmental Coloniality","Grove, R. H.","1995","Green Imperialism : Colonial Expansion, Tropical Island Edens and the Origins of Environmentalism, 1600–1860",NA,NA,"9780521565134",NA,NA,NA,NA,NA,NA,NA,1,2
"34","Environmental History : Environmentalism of the Poors and Environmental Coloniality","Carney, J. A., & Rosomoff, R. N.","2009","In the Shadow of Slavery. Africa’s Botanical Legacy in the Atlantic World",NA,NA,"9780520269965","First edition was in 2011, check the year?",NA,NA,NA,NA,NA,NA,1,2
"35","Environmental History : Environmentalism of the Poors and Environmental Coloniality","Ferdinand, M.","2019","Une écologie décoloniale. Penser l’écologie depuis le monde caribéen","https://doi.org/10.3917/pro.375.0052",NA,"978-2021388497",NA,NA,NA,NA,NA,NA,NA,1,2
"36","Environmental History : Environmentalism of the Poors and Environmental Coloniality","Martínez Alier, J.","2002","The environmentalism of the Poor, A Study of Ecological Conflicts and Valuation","https://doi.org/10.4337/9781843765486",NA,"978 1 84064 909 3",NA,NA,NA,NA,NA,NA,NA,1,2
"37","Participatory research","Arnstein, S. R.","1969","A ladder of citizen participation. Journal of the American Institute of planners","https://doi.org/10.1080/01944366908977225",NA,NA,"Year is 2007, not 1969?",NA,NA,NA,1,NA,NA,2,NA
"38","Participatory research","Blackstock, K. L., Kelly, G. J., & Horsey, B. L.","2007","Developing and applying a framework to evaluate participatory research for sustainability","https://doi.org/10.1016/j.ecolecon.2006.05.014",NA,NA,NA,NA,NA,NA,1,NA,NA,2,NA
"39","Participatory research","Cornwall, A., & Jewkes, R.","1995","What is participatory research?","https://doi.org/10.1016/0277-9536(95)00127-S",NA,NA,NA,NA,NA,NA,1,NA,NA,2,NA
"40","Participatory research","Schubotz, D.","2019","Participatory research: Why and how to involve people in research","https://doi.org/10.4135/9781529799682",NA,NA,"Publication year 2020?",NA,NA,NA,1,NA,NA,2,NA
"41","Participatory research","Vaughn, L. M., & Jacquez, F.","2020","Participatory research methods–Choice points in the research process","https://doi.org/10.35844/001c.13244",NA,NA,NA,NA,NA,NA,1,NA,NA,2,NA
"42","Human Agency","Alkire, S.","2007","Measuring agency: issues and possibilities","https://doi.org/10.1177/0973703020070110",NA,NA,NA,NA,NA,NA,NA,1,NA,2,NA
"43","Human Agency","Brown, K., and E. Westaway.","2011","Agency, capacity, and resilience to environmental change: lessons from human development, well-being, and disasters","https://doi.org/10.1146/annurev-environ-052610-092905",NA,NA,NA,NA,NA,NA,NA,1,NA,2,NA
"44","Human Agency","Kabeer, N.","1999","Resources, agency, achievements: reflections on the measurement of women’s empowerment","https://doi.org/10.1111/1467-7660.00125",NA,NA,NA,NA,NA,NA,NA,1,NA,2,NA
"45","Human Agency","Manlosa, A. O.","2022","Operationalizing agency in livelihoods research: smallholder farming livelihoods in southwest Ethiopia",NA,NA,NA,NA,NA,NA,NA,NA,1,NA,2,NA
"46","Human Agency","McLaughlin, P., and T. Dietz","2008","Structure, agency, and environment: toward an integrated perspective on vulnerability","https://doi.org/10.1016/j.gloenvcha.2007.05.003",NA,NA,NA,NA,NA,NA,NA,1,NA,2,NA
"47","Agroecological Transformations","Altieri, M. A.","2018","Agroecology: The Science of Sustainable Agriculture","https://doi.org/10.1201/9780429495465",NA,NA,"First published in 1996, is this a later edition?",NA,NA,2,2,1,NA,NA,NA
"48","Agroecological Transformations","Tilman, D., Cassman, K. G., Matson, P. A., Naylor, R., & Polasky, S.","2002","Agricultural Sustainability and Intensive Production Practices","https://doi.org/10.1038/nature01014",NA,NA,NA,NA,NA,2,2,1,NA,NA,NA
"49","Agroecological Transformations","Tittonell, P., Piñeiro, G., Garibaldi, L. A., Dogliotti, S., Olff, H., & Jobbagy, E. G.","2020","Agroecology in Large Scale Farming—A Research Agenda","https://doi.org/10.3389/fsufs.2020.584605",NA,NA,NA,NA,NA,2,2,1,NA,NA,NA
"50","Agroecological Transformations","Tscharntke, T., Klein, A. M., Kruess, A., Steffan‐Dewenter, I., & Thies, C.","2005","Landscape Perspectives on Agricultural Intensification and Biodiversity–Ecosystem Service Management","https://doi.org/10.1111/j.1461-0248.2005.00782.x",NA,NA,NA,NA,NA,2,2,1,NA,NA,NA
"51","Agroecological Transformations","Wezel, A., Bellon, S., Doré, T., Francis, C., Vallod, D., & David, C.","2009","Agroecology as a Science, a Movement, and a Practice: A Review","https://doi.org/10.1051/agro/2009004",NA,NA,NA,NA,NA,2,2,1,NA,NA,NA
"52","Phases of deliberate social-ecological transformations","Andrachuk, M., Armitage, D., Hoang, H. D., & Van Le, N.","2018","Building blocks for social-ecological transformations","https://doi.org/10.5751/ES-10006-230226",NA,NA,NA,NA,NA,NA,2,1,2,NA,2
"53","Phases of deliberate social-ecological transformations","Manuel-Navarrete, D., & Pelling, M.","2015","Subjectivity and the politics of transformation in response to development and environmental change","https://doi.org/10.1016/j.gloenvcha.2015.08.012",NA,NA,NA,NA,NA,NA,2,1,2,NA,2
"54","Phases of deliberate social-ecological transformations","Moore, M.-L., O. Tjornbo, E. Enfors, C. Knapp, J. Hodbod, J. A. Baggio, A. Norström, P. Olsson, and D. Biggs","2014","Studying the complexity of change: toward an analytical framework for understanding deliberate social-ecological transformations","https://doi.org/10.5751/ES-06966-190454",NA,NA,NA,NA,NA,NA,2,1,2,NA,2
"55","Phases of deliberate social-ecological transformations","O’Brien, K.","2012","Global environmental change II: From adaptation to deliberate transformation","https://doi.org/10.1177/0309132511425767",NA,NA,NA,NA,NA,NA,2,1,2,NA,2
"56","Phases of deliberate social-ecological transformations","Olsson, P., Folke, C., & Hahn, T.","2004","Social-ecological transformation for ecosystem management: the development of adaptive co-management of a wetland landscape in southern Sweden","https://doi.org/10.5751/ES-00683-090402","https://hdl.handle.net/10535/2865",NA,NA,NA,NA,NA,2,1,2,NA,2
"57","Panarchy Theory","Folke C, Carpenter SR, Walker B, et al","2010","Resilience thinking: Integrating resilience, adaptability and transformability","https://doi.org/10.5751/es-03610-150420",NA,NA,NA,NA,NA,NA,NA,1,2,2,2
"58","Panarchy Theory","Gunderson, L. H., and C. S. Holling","2002","Panarchy: understanding transformations in human and natural systems",NA,NA,"978-1559638579",NA,NA,NA,NA,NA,1,2,2,2
"59","Panarchy Theory","Olsson P, Galaz V, Boonstra WJ","2014","Sustainability transformations: A resilience perspective","10.5751/ES-06799-190401",NA,NA,NA,NA,NA,NA,NA,1,2,2,2
"60","Panarchy Theory","Olsson, P, Folke, K. and Moore M-L","2022","Capacities for Navigating Large-Scale Sustainability Transformations: Exploring the Revolt and Remembrance Mechanisms for Shaping Collapse and Renewal in Social-Ecological Systems",NA,NA,"9781642830897",NA,NA,NA,NA,NA,1,2,2,2
"61","Panarchy Theory","Westley F, Tjornbo O, Schultz L, et al","2013","A Theory of Transformative Agency in Linked Social-Ecological Systems","10.5751/ES-05072-180327",NA,NA,NA,NA,NA,NA,NA,1,2,2,2
"62","Catalyzing Transformation","Hussein, T., Plummer, M., & Breen, B.","2018","How Field Catalysts Galvanize Social Change (SSIR)","https://doi.org/10.48558/9K95-QC55",NA,NA,NA,NA,NA,NA,2,1,2,NA,NA
"63","Catalyzing Transformation","Meadows, D.","1999","Leverage Points: Places to Intervene in a System",NA,"https://donellameadows.org/wp-content/userfiles/Leverage_Points.pdf",NA,NA,NA,NA,NA,2,1,2,NA,NA
"64","Catalyzing Transformation","Waddock, S.","2023","Catalyzing Transformation: Making System Change Happen",NA,NA,"978-1637425084",NA,NA,NA,NA,2,1,2,NA,NA
"65","Catalyzing Transformation","Waddock, S., & Waddell, S.","2021","Transformation Catalysts: Weaving Transformational Change for a Flourishing World for All",NA,"http://www.cadmusjournal.org/files/pdfreprints/vol4issue4/Transformation-Catalysts-SWaddock-SWaddell-Cadmus-V4-I4-Reprint.pdf",NA,NA,NA,NA,NA,2,1,2,NA,NA
"66","Catalyzing Transformation","Waddock, S., Waddell, S., Jones, P. H., & Kendrick, I.","2022","Convening Transformation Systems to Achieve System Transformation. Journal of Awareness-Based Systems Change","https://doi.org/10.47061/jabsc.v2i1.2023",NA,NA,NA,NA,NA,NA,2,1,2,NA,NA
"67","Seeds of Good Anthropocenes","Bennett, E.M., Solan, M., Biggs, R., MacPhearson, T., Norstrom, A., Olsson, P., Pereira, L., Peterson, G.D., Raudsepp-Hearne, C., Beirmann, F., Carpenter, S.R., Ellis, E., Hichert, T. Galaz, V., Lahsen, M., Martin-Lopez, B., Nicolas, K. A., Preisser, R., Vince, G., Vervoort, J., & Xu, J.","2016","Bright Spots: Seeds of a Good Anthropocene","https://doi.org/10.1002/fee.1309",NA,NA,NA,NA,NA,NA,1,NA,2,NA,NA
"68","Seeds of Good Anthropocenes","Pereira, L. M., T. Hichert, M. Hamann, R. Preiser, and R. Biggs.","2018","Using futures methods to create transformative spaces: visions of a good Anthropocene in southern Africa","https://doi.org/10.5751/ES-09907-230119",NA,NA,NA,NA,NA,NA,1,NA,2,NA,NA
"69","Seeds of Good Anthropocenes","Pereira, L., Bennett, E., Biggs, R., Mangnus, A., Norstrom, A.V., Peterson, G., Raudsepp-Hearne, C., Sellberg, M., & Vervoort, J.","2019","Seeding Change by Visioning Good Anthropocenes",NA,"https://openaccess.city.ac.uk/id/eprint/22783/",NA,NA,NA,NA,NA,1,NA,2,NA,NA
"70","Seeds of Good Anthropocenes","Pereira, L. M., K. K. Davies, E. Belder, S. Ferrier, S. Karlsson‐Vinkhuyzen, H. Kim, J. J. Kuiper, S. Okayasu, M. G. Palomo, H. M. Pereira, G. Peterson, J. Sathyapalan, M. Schoolenberg, R. Alkemade, S. Carvalho Ribeiro, A. Greenaway, J. Hauck, N. King, T. Lazarova, F. Ravera, N. Chettri, W. W. L. Cheung, R. J. J. Hendriks, G. Kolomytsev, P. Leadley, J. Metzger, K. N. Ninan, R. Pichs, A. Popp, C. Rondinini, I. Rosa, D. Vuuren, and C. J. Lundquist.","2020","Developing multiscale and integrative nature–people scenarios using the Nature Futures Framework","https://doi.org/10.1002/pan3.10146",NA,NA,NA,NA,NA,NA,1,NA,2,NA,NA
"71","Seeds of Good Anthropocenes","Bennett, E.M., Biggs, R., Peterson, G., & Gordon, L.J.","2021","Patchwork Earth: navigating pathways to just, thriving, and sustainable futures","https://doi.org/10.1016/j.oneear.2021.01.004",NA,NA,NA,NA,NA,NA,1,NA,2,NA,NA
"72","Collective action in social-ecological systems","Cox, M.","2011","Advancing the diagnostic analysis of environmental problems","https://doi.org/10.18352/ijc.273",NA,NA,NA,NA,NA,NA,NA,1,NA,NA,2
"73","Collective action in social-ecological systems","McGinnis, M. D., and E. Ostrom","2014","Social-ecological system framework: Initial changes and continuing challenges","http://dx.doi.org/10.5751/ES-06387-190230",NA,NA,NA,NA,NA,NA,NA,1,NA,NA,2
"74","Collective action in social-ecological systems","Nagel, B., and S. Partelow","2022","A methodological guide for applying the SES framework: a review of quantitative approaches","https://doi.org/10.5751/ES-13493-270439",NA,NA,NA,NA,NA,NA,NA,1,NA,NA,2
"75","Collective action in social-ecological systems","Ostrom, E.","2009","A general framework for analyzing sustainability of social-ecological systems","https://doi.org/10.1126/science.1172133",NA,NA,NA,NA,NA,NA,NA,1,NA,NA,2
"76","Collective action in social-ecological systems","Partelow, S.","2018","A review of the social-ecological systems framework: applications, methods, modifications, and challenges","http://dx.doi.org/10.5751/ES-10594-230436",NA,NA,NA,NA,NA,NA,NA,1,NA,NA,2
"77","Integrative framework for transformative social change","Geels, F. W., & Schot, J.","2007","Typology of sociotechnical transition pathways","https://doi.org/10.1016/j.respol.2007.01.003",NA,NA,NA,NA,NA,NA,NA,1,NA,NA,2
"78","Integrative framework for transformative social change","Naito, R., Zhao, J., & Chan, K. M. A.","2022","An integrative framework for transformative social change: a case in global wildlife trade","https://doi.org/10.1007/s11625-021-01081-z",NA,NA,NA,NA,NA,NA,NA,1,NA,NA,2
"79","Integrative framework for transformative social change","O’Brien, K., & Sygna, L.","2013","Responding to climate change: The three spheres of transformation",NA,"https://www.sv.uio.no/iss/english/research/projects/adaptation/publications/1-responding-to-climate-change---three-spheres-of-transformation_obrien-and-sygna_webversion_final.pdf",NA,NA,NA,NA,NA,NA,1,NA,NA,2
"80","Integrative framework for transformative social change","Otto, I. M., Donges, J. F., Cremades, R., Bhowmik, A., Hewitt, R. J., Lucht, W., … Schellnhuber, H. J.","2020","Social tipping dynamics for stabilizing Earth’s climate by 2050","https://doi.org/10.1073/pnas.1900577117",NA,NA,NA,NA,NA,NA,NA,1,NA,NA,2
"81","Integrative framework for transformative social change","Seto, K. C., Davis, S. J., Mitchell, R., Stokes, E. C., Unruh, G., & Ürge-Vorsatz, D.","2016","Carbon lock-in: Types, causes, and policy implications.","https://doi.org/10.1146/annurev-environ-110615-085934",NA,NA,NA,NA,NA,NA,NA,1,NA,NA,2
"82","Sustainability transitions","Folke, C., Carpenter, S., Walker, B., Scheffer, M., Elmqvist, T., Gunderson, L., & Holling, C. S.","2004","Regime shifts, resilience, and biodiversity in ecosystem management","https://doi.org/10.1146/ANNUREV.ECOLSYS.35.021103.105711",NA,NA,NA,NA,NA,NA,NA,1,NA,NA,2
"83","Sustainability transitions","Hebinck, A., Diercks, G., von Wirth, T., Beers, P. J., Barsties, L., Buchel, S., Greer, R., van Steenbergen, F., & Loorbach, D.","2022","An actionable understanding of societal transitions: the X-curve framework","https://doi.org/10.1007/S11625-021-01084-W/FIGURES/3",NA,NA,NA,NA,NA,NA,NA,1,NA,NA,2
"84","Sustainability transitions","Loorbach, D., Frantzeskaki, N., & Avelino, F.","2017","Sustainability Transitions Research: Transforming Science and Practice for Societal Change","https://doi.org/10.1146/annurev-environ-102014-021340",NA,NA,NA,NA,NA,NA,NA,1,NA,NA,2
"85","Sustainability transitions","Rip, A.","1995","Introduction of new technology: making use of recent insights from sociology and economics of technology","https://doi.org/10.1080/09537329508524223",NA,NA,NA,NA,NA,NA,NA,1,NA,NA,2
"86","Sustainability transitions","Rotmans, J., & al, E.","2001","More evolution than revolution","https://doi.org/10.1108/14636680110803003",NA,NA,NA,NA,NA,NA,NA,1,NA,NA,2
"87","Social movements theories","Diani, M.","1992","The concept of social movement","https://doi.org/10.1111/j.1467-954X.1992.tb02943.x",NA,NA,NA,NA,NA,NA,2,1,NA,2,2
"88","Social movements theories","Jenkins, J.","2001","Social Movements: Resource Mobilization Theory.","https://doi.org/10.1016/B0-08-043076-7/01925-2",NA,NA,NA,NA,NA,NA,2,1,NA,2,2
"89","Social movements theories","Mc Adam, D., Tarrow, S. and Tilly, Ch.","2001","Dynamics of Contention","https://doi.org/10.1017/CBO9780511805431",NA,NA,NA,NA,NA,NA,2,1,NA,2,2
"90","Social movements theories","Polletta, F. and Jasper, J.M.","2001","Collective Identity and Social Movements","https://doi.org/10.1146/annurev.soc.27.1.283","https://www.jstor.org/stable/2678623",NA,NA,NA,NA,NA,2,1,NA,2,2
"91","Social movements theories","Tilly, Ch.","1993","Social Movements as Historically Specific Clusters of Political Performances",NA,"https://api.semanticscholar.org/CorpusID:140494441",NA,NA,NA,NA,NA,2,1,NA,2,2
"92","Social movements theories","Tilly, Ch. And Wood, L.","2018","1. Social movements as politics","https://doi.org/10.4324/9781315632063-1",NA,"9780429297632",NA,NA,NA,NA,2,1,NA,2,2
"93","Transition Governance","Loorbach, D., Frantzeskaki, N. & Avelino, F.","2017","Sustainability Transitions Research: Transforming Science and Practice for Societal Change","https://doi.org/10.1146/annurev-environ-102014-021340",NA,NA,NA,NA,NA,NA,NA,1,NA,NA,NA
"94","Transition Governance","Hebinck, A. et al.","2022","An actionable understanding of societal transitions: the X-curve framework","https://doi.org/10.1007/s11625-021-01084-w",NA,NA,NA,NA,NA,NA,NA,1,NA,NA,NA
"95","Transition Governance","Grin, J.","2010","Understanding transitions from a governance perspective",NA,NA,NA,NA,NA,NA,NA,NA,1,NA,NA,NA
"96","Transition Governance","Loorbach, D., Wittmayer, J., Avelino, F., von Wirth, T. & Frantzeskaki, N.","2020","Transformative innovation and translocal diffusion","https://doi.org/10.1016/j.eist.2020.01.009",NA,NA,NA,NA,NA,NA,NA,1,NA,NA,NA
"97","Transition Governance","Smith, A., Fressoli, M., Abrol, D., Arond, E. & Ely, A.","2015","Grassroots innovation movements","https://doi.org/10.4324/9781315697888",NA,"9781138901223",NA,NA,NA,NA,NA,1,NA,NA,NA
"98","Leverage points for sustainability transformation","Abson, D.J., Fischer, J., Leventon, J., Newig, J., Schomerus, T., Vilsmaier, U., von Wehrden, H., Abernethy, P., Ives, C.D., Jager, N.W., Lang, D.J.","2017","Leverage points for sustainability transformation","10.1007/s13280-016-0800-y",NA,NA,NA,NA,NA,NA,NA,1,NA,NA,NA
"99","Leverage points for sustainability transformation","Chan, K.M.A., Boyd, D.R., Gould, R.K., Jetzkowitz, J., Liu, J., Muraca, B., Naidoo, R., Olmsted, P., Satterfield, T., Selomane, O., Singh, G.G., Sumaila, R., Ngo, H.T., Boedhihartono, A.K., Agard, J., Aguiar, A.P.D., Armenteras, D., Balint, L., Barrington‐Leigh, C., Cheung, W.W.L., Díaz, S., Driscoll, J., Esler, K., Eyster, H., Gregr, E.J., Hashimoto, S., Hernández Pedraza, G.C., Hickler, T., Kok, M., Lazarova, T., Mohamed, A.A.A., Murray‐Hudson, M., O’Farrell, P., Palomo, I., Saysel, A.K., Seppelt, R., Settele, J., Strassburg, B., Xue, D., Brondízio, E.S.","2020","Levers and leverage points for pathways to sustainability","10.1002/pan3.10124",NA,NA,NA,NA,NA,NA,NA,1,NA,NA,NA
"100","Leverage points for sustainability transformation","Fischer, J., Riechers, M.","2019","A leverage points perspective on sustainability","10.1002/pan3.13",NA,NA,NA,NA,NA,NA,NA,1,NA,NA,NA
"101","Leverage points for sustainability transformation","Meadows, D.H.","1999","Leverage points: Places to intervene in a system",NA,"https://donellameadows.org/wp-content/userfiles/Leverage_Points.pdf",NA,NA,NA,NA,NA,NA,1,NA,NA,NA
"102","Leverage points for sustainability transformation","Riechers, M., Fischer, J., Manlosa, A.O., Ortiz-Przychodzka, S., Sala, J.E.","2022","Operationalising the leverage points perspective for empirical research","10.1016/j.cosust.2022.101206",NA,NA,NA,NA,NA,NA,NA,1,NA,NA,NA
"103","Transformation Flower Approach as a theory of change","Bergek, A., Jacobsson, S., Carlsson, B., Lindmark, S., Rickne, A.","2008","Analyzing the functional dynamics of technological innovation systems: a scheme of analysis","https://doi.org/10.1016/j.respol.2007.12.003",NA,NA,NA,NA,NA,NA,2,1,NA,NA,2
"104","Transformation Flower Approach as a theory of change","Huntjens, P., & Kemp, R.","2022","The importance of a Natural Social Contract and co-evolutionary governance for sustainability transitions","https://doi.org/10.3390/su14052976",NA,NA,NA,NA,NA,NA,2,1,NA,NA,2
"105","Transformation Flower Approach as a theory of change","Huntjens, P.; Rinscheid, A.; Kemp, R.; Van Helvoirt, B.; Aarts, N.; Visseren-Hamakers, I.; van Veen, A.; Hassink, J.","2023","The Transformation Flower Approach for Leveraging Change Towards Multiple Value Creation and Institutional Change","https://doi.org/10.20944/preprints202307.1539.v1",NA,NA,NA,NA,NA,NA,2,1,NA,NA,2
"106","Transformation Flower Approach as a theory of change","Kemp, R., Loorbach, D., Rotmans, J.","2007","Transition management as a model for managing processes of co-evolution for sustainable development","https://doi.org/10.1080/13504500709469709",NA,NA,NA,NA,NA,NA,2,1,NA,NA,2
"107","Transformation Flower Approach as a theory of change","Nijhof, A., Wins, A., Argyrou, A., & Chevrollier, N.","2022","Sustainable market transformation: A refined framework for analyzing causal loops in transitions to sustainability","https://doi.org/10.1016/j.eist.2022.01.010",NA,NA,NA,NA,NA,NA,2,1,NA,NA,2
"108","Transformation Flower Approach as a theory of change","Olsson, P., Galaz, V, Boonstra, W.J","2014","Sustainability transformations: A resilience perspective","http://dx.doi.org/10.5751/ES-06799-190",NA,NA,NA,NA,NA,NA,2,1,NA,NA,2
"109","Transformation Flower Approach as a theory of change","Planko, J., Cramer, J.M., Chappin, M.M., Hekkert, M.P.","2016","Strategic collective system building to commercialize sustainability innovations","https://doi.org/10.1016/j.jclepro.2015.09.108",NA,NA,NA,NA,NA,NA,2,1,NA,NA,2
"110","Transformation Flower Approach as a theory of change","Rotmans, J. and Loorbach, D.","2009","Complexity and Transition Management","https://doi.org/10.1111/j.1530-9290.2009.00116.x",NA,NA,NA,NA,NA,NA,2,1,NA,NA,2
"111","Transformation Flower Approach as a theory of change","Termeer, C.J.A.M. & Dewulf, A.","2019","A small wins framework to overcome the evaluation paradox of governing wicked problems","https://doi.org/10.1080/14494035.2018.1497933",NA,NA,NA,NA,NA,NA,2,1,NA,NA,2
"112","Transformation Flower Approach as a theory of change","Visseren-Hamakers, I.J., Razzaque, J., McElwee, P., Turnhout, E., Kelemen, E., Rusch, G.M., Fernandez-Llamazares, A., Chan, I., Lim, M., Islar, M. and Gautam, A.P.","2021","Transformative governance of biodiversity: insights for sustainable development","https://doi.org/10.1016/j.cosust.2021.06.002",NA,NA,NA,NA,NA,NA,2,1,NA,NA,2
"113","Transformation Flower Approach as a theory of change","Westley, F.R., Tjornbo, O., Schultz, L., Olsson, P., Folke, C., Crona, B., Bodin, O.","2013","A theory of transformative agency in linked social-ecological systems","http://dx.doi.org/10.5751/ES-05072-180327",NA,NA,NA,NA,NA,NA,2,1,NA,NA,2
"114","Transition management","Kemp, R., Loorbach, D., Rotmans, J.","2007","Transition management as a model for managing processes of co-evolution for sustainable development","https://doi.org/10.1080/13504500709469709",NA,NA,NA,NA,NA,2,NA,2,NA,NA,1
"115","Transition management","Rotmans, J. and Loorbach, D.","2009","Complexity and Transition Management","https://doi.org/10.1111/j.1530-9290.2009.00116.x",NA,NA,NA,NA,NA,2,NA,2,NA,NA,1
"116","Transition management","Meadowcroft, J..","2009","What about the politics? Sustainable Development, Transition Management, and Long-Term Energy Transitions","10.1007/s11077-009-9097-z",NA,NA,NA,NA,NA,2,NA,2,NA,NA,1
"117","Transition management","Kemp, R.","2010","The Dutch Energy Transition Approach","http://dx.doi.org/10.1007/s10368-010-0163-y",NA,NA,NA,NA,NA,2,NA,2,NA,NA,1
"118","Transition management","Voß, J.-P., Smith, A., Grin, J.","2009","Designing long-term policy: Rethinking transition management","https://doi.org/10.1007/s11077-009-9103-5",NA,NA,NA,NA,NA,2,NA,2,NA,NA,1
"119","Metatheories of human action","Eyster, H. N., Satterfield, T., & Chan, K. M. A.","2022","Why people do what they do: an interdisciplinary synthesis of human action theories","https://doi.org/10.1146/annurev-environ-020422-125351",NA,NA,NA,NA,NA,NA,NA,1,NA,NA,NA
"120","Metatheories of human action","Shove, E.","2010","Beyond the ABC: climate change policy and theories of social change","https://doi.org/10.1068/a42282",NA,NA,NA,NA,NA,NA,NA,1,NA,NA,NA
"121","Redesigning Theories of Change","Bentz, J., O’Brien, K., & Scoville-Simonds, M.","2022","Beyond “blah blah blah”: Exploring the “how” of transformation","https://doi.org/10.1007/s11625-022-01123-0",NA,NA,NA,NA,NA,NA,NA,1,NA,NA,NA
"122","Redesigning Theories of Change","Fazey, I., & Leicester, G.","2022","Archetypes of system transition and transformation: Six lessons for stewarding change","https://doi.org/10.1016/j.erss.2022.102646",NA,NA,NA,NA,NA,NA,NA,1,NA,NA,NA
"123","Redesigning Theories of Change","Vogel, C., & O’Brien, K.","2022","Getting to the heart of transformation","https://doi.org/10.1007/s11625-021-01016-8",NA,NA,NA,NA,NA,NA,NA,1,NA,NA,NA
"124","Redesigning Theories of Change","Waddock, S.","2023","Catalyzing Transformation: Making System Change Happen",NA,NA,"978-1637425084",NA,NA,NA,NA,NA,1,NA,NA,NA
"125","Redesigning Theories of Change","Wamsler, C.","2020","Education for sustainability: Fostering a more conscious society and transformation towards sustainability","https://doi.org/10.1108/IJSHE-04-2019-0152",NA,NA,NA,NA,NA,NA,NA,1,NA,NA,NA
"126","Redesigning Theories of Change","Westley, F., Tjornbo, O., Schultz, L., Olsson, P., Folke, C., Crona, B., & Bodin, Ö","2013","A Theory of Transformative Agency in Linked Social-Ecological Systems","https://doi.org/10.5751/ES-05072-180327",NA,NA,NA,NA,NA,NA,NA,1,NA,NA,NA
"127","Praxis","Freire, P.","2000","Pedagogy of the Oppressed",NA,"https://envs.ucsc.edu/internships/internship-readings/freire-pedagogy-of-the-oppressed.pdf",NA,NA,NA,NA,NA,2,NA,2,1,2
"128","Praxis","Seo, M. G., & Creed, W. D.","2002","Institutional contradictions, praxis, and institutional change: A dialectical perspective","https://doi.org/10.2307/4134353",NA,NA,NA,NA,NA,NA,2,NA,2,1,2
"129","Praxis","Giddens A","1984","The Constitution of Society: Outline of the Theory of Structuration",NA,NA,"978-0745600079",NA,NA,NA,NA,2,NA,2,1,2
"130","Praxis","Kilminster R","1977","Praxis and Method",NA,NA,"9781138979208",NA,NA,NA,NA,2,NA,2,1,2
"131","Praxis","Sen A","2001","Development as Freedom",NA,NA,"978-0192893307",NA,NA,NA,NA,2,NA,2,1,2
"132","Pathways to Nature Connectedness","Lumber, R., Richardson, M., & Sheffield, D.","2017","Beyond knowing nature: Contact, emotion, compassion, meaning, and beauty are pathways to nature connection","https://doi.org/10.1371/journal.pone.0177186",NA,NA,NA,NA,NA,NA,NA,2,1,NA,NA
"133","Pathways to Nature Connectedness","Kellert SR.","1993","The biological basis for human values of nature",NA,NA,"9781559631471",NA,NA,NA,NA,NA,2,1,NA,NA
"134","Pathways to Nature Connectedness","Mayer FS, Frantz CM.","2004","The connectedness to nature scale: A measure of individuals’ feeling in community with nature","https://doi.org/10.1016/j.jenvp.2004.10.001",NA,NA,NA,NA,NA,NA,NA,2,1,NA,NA
"135","Political ecology","Blaikie, P., Brookfield, H.","1987","Land Degradation and Society",NA,NA,"978-1138923027",NA,NA,NA,NA,NA,NA,NA,1,2
"136","Political ecology","Martinez-Alier, J.,","2002","The environmentalism of the poor: a study of ecological conflicts and valuation","https://doi.org/10.4337/9781843765486",NA,"978 1 84064 909 3",NA,NA,NA,NA,NA,NA,NA,1,2
"137","Political ecology","Mouffe, C","2005","On the Political",NA,NA,"978-0415305211",NA,NA,NA,NA,NA,NA,NA,1,2
"138","Political ecology","Swyngedouw, E.","2004","Social Power and the Urbanization of Water","https://doi.org/10.1093/oso/9780198233916.001.0001",NA,NA,NA,NA,NA,NA,NA,NA,NA,1,2
"139","Political ecology","Temper, L., Demaria, F., Scheidel, A., Del Bene, D., Martinez-Alier, J.","2018","The Global Environmental Justice Atlas (EJAtlas): ecological distribution conflicts as forces for sustainability","https://doi.org/10.1007/s11625-018-0563-4",NA,NA,NA,NA,NA,NA,NA,NA,NA,1,2
"140","Transformative Spaces","Chambers, J. M., C. Wyborn, N. L. Klenk, M. Ryan, A. Serban, N. J. Bennett, R. Brennan, L. Charli-Joseph, M. E. Fernández-Giménez, K. A. Galvin, B. E. Goldstein, T. Haller, R. Hill, C. Munera, J. L. Nel, H. Österblom, R. S. Reid, M. Riechers, M. Spierenburg, M. Tengö, E. Bennett, A. Brandeis, P. Chatterton, J. J. Cockburn, C. Cvitanovic, P. Dumrongrojwatthana, A. Paz Durán, J. D. Gerber, J. M. H. Green, R. Gruby, A. M. Guerrero, A. I. Horcea-Milcu, J. Montana, P. Steyaert, J. G. Zaehringer, A. T. Bednarek, K. Curran, S. J. Fada, J. Hutton, B. Leimona, T. Pickering, and R. Rondeau","2022","Co-productive agility and four collaborative pathways to sustainability transformations","https://doi.org/10.1016/j.gloenvcha.2021.102422",NA,NA,NA,NA,NA,NA,1,NA,2,1,2
"141","Transformative Spaces","Pereira, L. M., T. Karpouzoglou, N. Frantzeskaki, and P. Olsson","2018","Guest Editorial, part of a Special Feature on Designing Transformative spaces for sustainability in social-ecological systems","10.5751/es-10607-230432",NA,NA,NA,NA,NA,NA,1,NA,2,1,2
"142","Transformative Spaces","Drimie S, Hamann R, Manderson AP, Mlondobozi N.","2018","Creating transformative spaces for dialogue and action: reflecting on the experience of the Southern Africa Food Lab","http://dx.doi.org/10.5751/ES-10177-230302",NA,NA,NA,NA,NA,NA,1,NA,2,1,2
"143","Transformative Spaces","Pereira L, Frantzeskaki N, Hebinck A, Charli-Joseph L, Drimie S, Dyer M, Eakin H, Galafassi D, Karpouzoglou T, Marshall F, Moore ML, Olsson P, Siqueiros-García JM, van Zwanenberg P, & Vervoort JM.","2020","Transformative spaces in the making: key lessons from nine cases in the Global South","https://doi.org/10.1007/s11625-019-00749-x",NA,NA,NA,NA,NA,NA,1,NA,2,1,2
"144","Transformative Spaces","Asenbaum H. & Hanusch F.","2021","(De)futuring democracy: Labs, playgrounds, and ateliers as democratic innovations","https://doi.org/10.1016/j.futures.2021.102836",NA,NA,NA,NA,NA,NA,1,NA,2,1,2
"145","Three Spheres of Transformation","O’Brien, K., and Linda Sygna","2013","Responding to Climate Change: The Three Spheres of Transformation",NA,"https://www.sv.uio.no/iss/english/research/projects/adaptation/publications/1-responding-to-climate-change---three-spheres-of-transformation_obrien-and-sygna_webversion_final.pdf",NA,NA,NA,NA,NA,NA,2,2,1,2
"146","Three Spheres of Transformation","O’Brien, Karen","2018","Is the 1.5°C Target Possible? Exploring the Three Spheres of Transformation","https://doi.org/10.1016/j.cosust.2018.04.010",NA,NA,NA,NA,NA,NA,NA,2,2,1,2
"147","Three Spheres of Transformation","O’Brien, Karen","2021","You Matter More Than You Think: Quantum Social Change for a Thriving World",NA,NA,"978-8269181937",NA,NA,NA,NA,NA,2,2,1,2
"148","Three Spheres of Transformation","O’Brien, Karen, Dina Hestad, Irmelin Gram-Hanssen, and Linda Sygna","2022","Responding to Biodiversity Loss in a Changing Climate: An Integrative Approach to Transformative Change",NA,NA,NA,NA,NA,NA,NA,NA,2,2,1,2
"149","Three Spheres of Transformation","O’Brien, Karen, Rosario Carmona, Irmelin Gram-Hanssen, Gail Hochachka, Linda Sygna, and Milda Rosenberg","2023","Fractal Approaches to Scaling Transformations to Sustainabilit","https://doi.org/10.1007/s13280-023-01873-w",NA,NA,NA,NA,NA,NA,NA,2,2,1,2
"150","Three Spheres of Transformation","Sharma, Monica","2017","Radical Transformational Leadership: Strategic Action for Change Agents",NA,NA,"978-1583948958",NA,NA,NA,NA,NA,2,2,1,2
"151","Karl Polanyi's The Great Transformation","Adaman, F.","2017","Scaling in Polanyi—Reconsidering the local in the age of neoliberalism","10.1285/i20356609v10i2p589",NA,NA,NA,NA,NA,NA,NA,NA,NA,NA,1
"152","Karl Polanyi's The Great Transformation","Dale, G.","2016","Karl Polanyi: A life on the left.","https://doi.org/10.7312/dale17608",NA,NA,NA,NA,NA,NA,NA,NA,NA,NA,1
"153","Karl Polanyi's The Great Transformation","Devine, P.","2019","Doing Justice to Karl Polanyi","https://doi.org/10.1080/10455752.2019.1591705",NA,NA,NA,NA,NA,NA,NA,NA,NA,NA,1
"154","Karl Polanyi's The Great Transformation","Madra Y.M. and F. Adaman","2014","Neoliberal Reason and its Forms: Depoliticization through Economization","http://dx.doi.org/10.1111/anti.12065",NA,NA,NA,NA,NA,NA,NA,NA,NA,NA,1
"155","Karl Polanyi's The Great Transformation","Polanyi K.","1944/1957","The Great Transformation: The political and economic origins of our time",NA,NA,"978-0807056431",NA,NA,NA,NA,NA,NA,NA,NA,1
"156","Marxist theory","Ghosh, Soumitra","2015","Capitalisation of Nature: Political Economy of Forest/Biodiversity Offsets",NA,"https://www.jstor.org/stable/24482066",NA,NA,NA,NA,NA,NA,NA,NA,2,1
"157","Marxist theory","Federici, Silvia","2012","Aufstand aus der Küche. Reproduktionsarbeit in globalen Kapitalismus und die unvollendete feministische Revolution",NA,NA,"978-3942885324",NA,NA,NA,NA,NA,NA,NA,2,1
"158","Marxist theory","Foster, John Bellamy","1999","Marx's Theory of Metabolic Rift: Classical Foundations for Environmental Sociology","https://doi.org/10.1086/210315",NA,NA,NA,NA,NA,NA,NA,NA,NA,2,1
"159","Marxist theory","Robinson, Cedric J.","2019","On Racial Capitalism, Black Internationalism, and Cultures of Resistance","https://doi.org/10.2307/j.ctvr0qs8p",NA,NA,NA,NA,NA,NA,NA,NA,NA,2,1
"160","Marxist theory","Saave, Anna","2022","Einverleiben und Externalisieren. Zur Innen-Außen-Beziehung der kapitalistischen Produktionsweise","https://doi.org/10.1515/9783839458341",NA,"978-3-8376-5834-7",NA,NA,NA,NA,NA,NA,NA,2,1
"161","Rational choice theory","James S. Coleman","1990","Foundations of social theory",NA,NA,"9780674312265",NA,NA,NA,2,NA,NA,NA,NA,1
"162","Rational choice theory","Jon Elster","1986","Rational choice",NA,NA,"978-0814721698",NA,NA,NA,2,NA,NA,NA,NA,1
"163","Rational choice theory","David E. Bell, Howard Raiffa, and Amos Tversky","1988","Decision making : descriptive, normative, and prescriptive interactions","https://psycnet.apa.org/doi/10.1017/CBO9780511598951",NA,NA,NA,NA,NA,2,NA,NA,NA,NA,1
"164","Rational choice theory","David M. Kreps","1988","Notes on the theory of choice",NA,NA,"978-0813375533",NA,NA,NA,2,NA,NA,NA,NA,1
"165","Rational choice theory","Andreu Mas-Colell, Michael D. Whinston, and Jerry R. Green","1995","Microeconomic Theory",NA,NA,"978-0195073409",NA,NA,NA,2,NA,NA,NA,NA,1
"166","Institutional analysis","Cumming, G. S., Epstein, G., Anderies, J. M., Apetrei, C. I., Baggio, J., Bodin, Ö., ... & Weible, C. M.","2020","Advancing understanding of natural resource governance: a post-Ostrom research agenda","https://doi.org/10.1016/j.cosust.2020.02.005",NA,NA,NA,NA,NA,NA,2,2,NA,2,1
"167","Institutional analysis","Dietz, T., Ostrom, E., & Stern, P. C.","2003","The struggle to govern the commons","https://doi.org/10.1126/science.1091015",NA,NA,NA,NA,NA,NA,2,2,NA,2,1
"168","Institutional analysis","Morrison, Tiffany H., Örjan Bodin, Graeme S. Cumming, Mark Lubell, Ralf Seppelt, Tim Seppelt, and Christopher M. Weible","2023","Building blocks of polycentric governance","https://doi.org/10.1111/psj.12492",NA,NA,NA,NA,NA,NA,2,2,NA,2,1
"169","Institutional analysis","Nagendra, H., & Ostrom, E.","2012","Polycentric governance of multifunctional forested landscapes","https://doi.org/10.18352/ijc.321",NA,NA,NA,NA,NA,NA,2,2,NA,2,1
"170","Institutional analysis","Ostrom, E.","1990","Governing the commons: The evolution of institutions for collective action","https://doi.org/10.1017/CBO9780511807763",NA,NA,NA,NA,NA,NA,2,2,NA,2,1
"171","Institutional analysis","Ostrom, E.","2009","Understanding institutional diversity","https://doi.org/10.2307/j.ctt7s7wm",NA,NA,NA,NA,NA,NA,2,2,NA,2,1
"172","Ecological Civilization Framework","Geall, S. and Ely, A.","2018","Narratives and pathways towards an ecological civilization in contemporary China","https://doi.org/10.1017/S0305741018001315",NA,NA,NA,NA,NA,2,NA,2,NA,NA,1
"173","Ecological Civilization Framework","IPBES","2019","Global assessment report on biodiversity and ecosystem services of the Intergovernmental Science-Policy Platform on Biodiversity and Ecosystem Services","https://doi.org/10.5281/zenodo.3831673",NA,NA,NA,NA,NA,2,NA,2,NA,NA,1
"174","Ecological Civilization Framework","Ma, K. and Wei, F.","2021","Ecological civilization: a revived perspective on the relationship between humanity and nature","https://doi.org/10.1093/nsr/nwab112",NA,NA,NA,NA,NA,2,NA,2,NA,NA,1
"175","Ecological Civilization Framework","Ma, T., Hu, Y., Wang, M., Yu, L. and Wei, F.","2021","Unity of Nature and Man: a new vision and conceptual framework for the Post-2020 Global Biodiversity Framework","https://doi.org/10.1093/nsr/nwaa265",NA,NA,NA,NA,NA,2,NA,2,NA,NA,1
"176","Ecological Civilization Framework","Xue, B., Han, B., Li, H., Gou, X., Yang, H., Thomas, H. and Stückrad, S.","2023","Understanding ecological civilization in China: From political context to science","https://doi.org/10.1007/s13280-023-01897-2",NA,NA,NA,NA,NA,2,NA,2,NA,NA,1
"177","Governmentality","Agrawal, A.","2005","Environmentality: Technologies of Government and the Making of Subjects","https://doi.org/10.2307/j.ctv11sn32g",NA,NA,NA,NA,NA,2,NA,NA,NA,NA,1
"178","Governmentality","Burchell, G., Foucault, M., Gordon, C., and Miller, P.","1991","The Foucault Effect: Studies in Governmentality","https://doi.org/10.7208/chicago/9780226028811.001.0001",NA,NA,NA,NA,NA,2,NA,NA,NA,NA,1
"179","Governmentality","Fletcher, R","2010","Neoliberal environmentality: towards a poststructuralist political ecology of the conservation debate","https://doi.org/10.4103/0972-4923.73806",NA,NA,NA,NA,NA,2,NA,NA,NA,NA,1
"180","Governmentality","Rutherford, S","2011","Governing the Wild: Ecotours of Power","https://doi.org/10.5749/minnesota/9780816674404.001.0001",NA,NA,NA,NA,NA,2,NA,NA,NA,NA,1
"181","Degrowth and Post-growth Studies","Hickel, J.","2019","Degrowth: A Theory of Radical Abundance",NA,"http://www.paecon.net/PAEReview/issue87/Hickel87.pdf",NA,NA,NA,NA,NA,NA,2,NA,NA,1
"182","Degrowth and Post-growth Studies","Hinton, J.B.","2021","Relationship-to-Profit: A Theory of Business, Markets, and Profit for Social Ecological Economics (Doctoral dissertation)",NA,"https://theses.hal.science/tel-04097146v1/document",NA,NA,NA,NA,NA,NA,2,NA,NA,1
"183","Degrowth and Post-growth Studies","Jackson, T.","2011","Prosperity without Growth: Economics for a Finite Planet","https://doi.org/10.1260/0958-305X.22.7.1013",NA,NA,NA,NA,NA,NA,NA,2,NA,NA,1
"184","Degrowth and Post-growth Studies","Kallis, G.","2018","Degrowth",NA,NA,"9781911116790",NA,NA,NA,NA,NA,2,NA,NA,1
"185","Degrowth and Post-growth Studies","Parrique, T.","2020","The political economy of degrowth","http://dx.doi.org/10.13140/RG.2.2.33452.82568",NA,NA,NA,NA,NA,NA,NA,2,NA,NA,1
"186","Transformative Education","Graham, C., & Longchamps, P","2022","Transformative Education. A Showcase of Sustainable and Integrative Active Learning","https://doi.org/10.4324/9781003276203",NA,NA,NA,NA,NA,NA,1,2,1,NA,2
"187","Transformative Education","Marín-Marín, J. A., Moreno-Guerrero, A. J., Dúo-Terrón, P., & López-Belmonte, J.","2021","STEAM in education: a bibliometric analysis of performance and co-words in Web of Science","https://doi.org/10.1186/s40594-021-00296-x",NA,NA,NA,NA,NA,NA,1,2,1,NA,2
"188","Transformative Education","O'Brien, K., Reams, J., Caspari, A., Dugmore, A., Faghihimani, M., Fazey, I., ... & Winiwarter, V. ","2013","You say you want a revolution? Transforming education and capacity building in response to global change","https://doi.org/10.1016/j.envsci.2012.11.011",NA,NA,NA,NA,NA,NA,1,2,1,NA,2
"189","Transformative Education","Schweisfurth, M.","2013","Learner-centred education in international perspective: Whose pedagogy for whose development?","https://doi.org/10.4324/9780203817438",NA,NA,NA,NA,NA,NA,1,2,1,NA,2
"190","Transformative Education","United Nations ","2022","Transforming Education: An urgent political imperative for our collective future Vision. Statement of the Secretary-General on Transforming Education",NA,"https://www.un.org/sites/un2.un.org/files/2022/09/sg_vision_statement_on_transforming_education.pdf",NA,NA,NA,NA,NA,1,2,1,NA,2
"191","Strengthening Accountability Frameworks","Biermann, Frank and Gupta, Aarti","2011","Accountability and Legitimacy in Earth System Governance: a Research Framework","https://doi.org/10.1016/j.ecolecon.2011.04.008",NA,NA,NA,NA,NA,NA,NA,NA,NA,NA,1
"192","Strengthening Accountability Frameworks","Bowens, Marks","2007","Analyzing and assessing accountability: A Conceptual Framework","https://doi.org/10.1111/j.1468-0386.2007.00378.x",NA,NA,NA,NA,NA,NA,NA,NA,NA,NA,1
"193","Strengthening Accountability Frameworks","Fox, Jonathan","2007","The Uncertain Relationship between Transparency and Accountability","https://doi.org/10.1080/09614520701469955",NA,NA,NA,NA,NA,NA,NA,NA,NA,NA,1
"194","Strengthening Accountability Frameworks","Gupta Aarti, and Michael Mason","2014","Transparency in Global Environmental Governance: Critical Perspectives","https://doi.org/10.7551/mitpress/9780262027410.001.0001",NA,NA,NA,NA,NA,NA,NA,NA,NA,NA,1
"195","Strengthening Accountability Frameworks","Keohane, Robert ","2006","Accountability in world politics","https://doi.org/10.1111/j.1467-9477.2006.00143.x",NA,NA,NA,NA,NA,NA,NA,NA,NA,NA,1
"196","Biodiversity Policy Integration BPI","Huntley, B.J.","2014","Good news from the South: Biodiversity mainstreaming - A paradigm shift in conservation?","https://doi.org/10.1590/sajs.2014/a0080",NA,NA,NA,NA,NA,NA,NA,NA,NA,NA,1
"197","Biodiversity Policy Integration BPI","Karlsson-Vinkhuyzen, S., E. Boelee, J. Cools, J., L. van Hoof, O. Hospes, M. Kok, J. Peerlings, J. van Tatenhove, C.J.A.M. Termeer and I.J. Visseren-Hamakers","2018","Identifying barriers and levers of biodiversity mainstreaming in four cases of transnational governance of land and water","https://doi.org/10.1016/j.envsci.2018.03.011",NA,NA,NA,NA,NA,NA,NA,NA,NA,NA,1
"198","Biodiversity Policy Integration BPI","Persson, Å., H. Runhaar, S. Karlsson-Vinkhuyzen, G. Mullally, D. Russel and A. Widmer ","2018","Editorial: Environmental Policy Integration: taking stock of policy practice in different contexts","https://doi.org/10.1016/j.envsci.2018.03.029",NA,NA,NA,NA,NA,NA,NA,NA,NA,NA,1
"199","Biodiversity Policy Integration BPI","Runhaar, H., B. Wilk, P. Driessen, N. Dunphy, Å. Persson, J. Meadowcroft and G. Mullally","2020","Policy Integration, in: Biermann, F. and R. Kim (editors), Architectures of Earth System Governance. Institutional Complexity and Structural Transformation","https://doi.org/10.1017/9781108784641.009",NA,NA,NA,NA,NA,NA,NA,NA,NA,NA,1
"200","Biodiversity Policy Integration BPI","Runhaar, H., E. Cardona Santos, J. Claudet, G. de Queiroz-Stein, L. Dik, F. Pröbstl, A. Zolyomi, and Y. Zinngrebe","2024","From Global Biodiversity Targets to Sectoral Action: 'What Works, How, and Why?', Earth System Governance Special Issue on The Governance of Biodiversity Recovery: From Global Targets to Sectoral Action.","http://dx.doi.org/10.1016/j.esg.2024.100206",NA,NA,NA,NA,NA,NA,NA,NA,NA,NA,1
"201","Sociotechnical infraestructures","Blok, A., Nakazora, M., & Winthereik, B. R.","2016","Infrastructuring Environments","https://doi.org/10.1080/09505431.2015.1081500",NA,NA,NA,NA,NA,1,2,1,NA,NA,NA
"202","Sociotechnical infraestructures","Harvey, P., Jensen, C. B., & Morita, A. (Eds.)","2016","Infrastructures and social complexity: A companion","https://doi.org/10.4324/9781315622880",NA,NA,NA,NA,NA,1,2,1,NA,NA,NA
"203","Sociotechnical infraestructures","Jensen, C. B., & Morita, A.","2015","Infrastructures as Ontological Experiments","https://doi.org/10.17351/ests2015.21",NA,NA,NA,NA,NA,1,2,1,NA,NA,NA
"204","Sociotechnical infraestructures","Larkin, B.","2013","The Politics and Poetics of Infrastructure","https://doi.org/10.1146/annurev-anthro-092412-155522",NA,NA,NA,NA,NA,1,2,1,NA,NA,NA
"205","Sociotechnical infraestructures","Star, S. L.","1999","The Ethnography of Infrastructure","https://doi.org/10.1177/00027649921955326",NA,NA,NA,NA,NA,1,2,1,NA,NA,NA
"206","Fractal Agency","O'Brien, K. ","2021","You Matter More Than You Think: Quantum Social Change for a Thriving World",NA,NA,"978-8269181937",NA,NA,NA,NA,NA,NA,2,1,NA
"207","Fractal Agency","O'Brien, K., Carmona, R., Gram-Hanssen, I., Hochachka, G., & Sygna, L","2023","Fractal Approaches to Scaling Transformations to Sustainability","https://doi.org/10.1007/s13280-023-01873-w",NA,NA,NA,NA,NA,NA,NA,NA,2,1,NA
"208","Fractal Agency","Sharma, M.","2017","Radical Transformational Leadership: Strategic Action for Change Agents",NA,NA,"978-1583948958",NA,NA,NA,NA,NA,NA,2,1,NA
"209","Decolonial Feminisms and Ecofeminisms","Curiel, O.","2007","Crítica poscolonial desde las prácticas políticas del feminismo antirracista",NA,"https://www.redalyc.org/pdf/1051/105115241010.pdf",NA,NA,NA,NA,NA,2,NA,2,1,NA
"210","Decolonial Feminisms and Ecofeminisms","Espinosa, Y.","2016","De por qué es necesario un feminismo descolonial: Diferenciación, dominación co-constitutiva de la modernidad occidental y el fin de la política de identidad",NA,"https://om.juscatamarca.gob.ar/articulos/De_por_que_es_necesario_un_feminismo_des.pdf",NA,NA,NA,NA,NA,2,NA,2,1,NA
"211","Decolonial Feminisms and Ecofeminisms","Mies, M., & Shiva, V.","2004","Del porqué escribimos este libro juntas",NA,NA,NA,NA,NA,NA,NA,2,NA,2,1,NA
"212","Decolonial Feminisms and Ecofeminisms","Sanchez, C.","2019","Defendiendo mundos y visionando la justicia ambiental: ¿El surgimiento del ecofeminismo mapuche?",NA,NA,NA,NA,NA,NA,NA,2,NA,2,1,NA
"213","Decolonial Feminisms and Ecofeminisms","Svampa, M. ","2015","Feminismos del Sur y ecofeminismo",NA,"https://static.nuso.org/media/articles/downloads/_1.pdf",NA,NA,NA,NA,NA,2,NA,2,1,NA
"214","Transformative Learning for Socio-Ecological Sustainability","Kulundu, I., McGarry, D. K., & Lotz-Sisitka, H.","2020","Think Piece: Learning, Living and Leading into Transgression-A reflection on decolonial praxis in a neoliberal world","https://doi.org/10.4314/sajee.v36i1.14",NA,NA,NA,NA,NA,NA,2,NA,1,2,NA
"215","Transformative Learning for Socio-Ecological Sustainability","Lysaker, J. T., & Furuness, S.","2011","Space for transformation: Relational, dialogic pedagogy","https://doi.org/10.1177/1541344612439939",NA,NA,NA,NA,NA,NA,2,NA,1,2,NA
"216","Transformative Learning for Socio-Ecological Sustainability","Mezirow, J. ","2000","Learning as Transformation: Critical Perspectives on a Theory in Progress",NA,NA,"978-0787948450",NA,NA,NA,NA,2,NA,1,2,NA
"217","Transformative Learning for Socio-Ecological Sustainability","O'Sullivan, E.","1999","Transformative Learning. Educational Vision for the",NA,NA,"978-1856496995","Title is incomplete: Transformative learning: educational vision for the 21st century",NA,NA,NA,2,NA,1,2,NA
"218","Transformative Learning for Socio-Ecological Sustainability","Van Mierlo, B., Halbe, J., Beers, P. J., Scholz, G., & Vinke-de Kruijf, J.","2020","Learning about learning in sustainability transitions","https://doi.org/10.1016/j.eist.2019.11.001",NA,NA,NA,NA,NA,NA,2,NA,1,2,NA
"219","Transformative Innovation Policy","Grin, J., Rotmans, J., & Schot, J.","2010","Transitions to sustainable development: new directions in the study of long term transformative change","https://doi.org/10.4324/9780203856598",NA,NA,NA,NA,NA,2,1,2,NA,NA,1
"220","Transformative Innovation Policy","Schot, J., & Steinmueller, W. E","2018","Three frames for innovation policy: R&D, systems of innovation and transformative change","https://doi.org/10.1016/j.respol.2018.08.011",NA,NA,NA,NA,NA,2,1,2,NA,NA,1
"221","Transformative Innovation Policy","Schot, J., Boni, A., Ramirez, M., & Steward, F.","2018","Addressing the Sustainable Development Goals through Transformative Innovation Policy",NA,"http://tipconsortium.net/wp-content/uploads/2019/04/4198_TIPC_research_brief_web-FINAL.pdf",NA,NA,NA,NA,2,1,2,NA,NA,1
"222","Transformative Innovation Policy","Stirling, A. ","2015","Emancipating Transformations: From controlling 'the transition'to culturing plural radical progress 1","https://doi.org/10.4324/9781315747378-4",NA,NA,NA,NA,NA,2,1,2,NA,NA,1
"223","Transformative Innovation Policy","Weber, K. M., & Rohracher, H.","2012","Legitimizing research, technology and innovation policies for transformative change: Combining insights from innovation systems and multi-level perspective in a comprehensive 'failures' framework.","https://doi.org/10.1016/j.respol.2011.10.015",NA,NA,NA,NA,NA,2,1,2,NA,NA,1
"224","Behavioral EConomics","Kahneman, D. ","2003","A Psychological Perspective on Economics","https://doi.org/10.1257/000282803321946985",NA,NA,NA,NA,NA,NA,NA,2,2,NA,1
"225","Behavioral EConomics","Simon, H. A.","1955","A Behavioral Model of Rational Choice","https://doi.org/10.2307/1884852",NA,NA,NA,NA,NA,NA,NA,2,2,NA,1
"226","Behavioral EConomics","Fehr, E., & Schmidt, K. ","1999","A theory of fairness, competition, and cooperation","https://doi.org/10.1162/003355399556151",NA,NA,NA,NA,NA,NA,NA,2,2,NA,1
"227","Behavioral EConomics","Thaler, Richard H.","2018","From Cashews to Nudges: The Evolution of Behavioral Economics","https://doi.org/10.1257/aer.108.6.1265",NA,NA,NA,NA,NA,NA,NA,2,2,NA,1
"228","Behavioral EConomics","World Bank","2015","World Development Report 2015: Mind, Society, and Behavior",NA,"http://documents.worldbank.org/curated/en/645741468339541646/pdf/928630WDR0978100Box385358B00PUBLIC0.pdf",NA,NA,NA,NA,NA,NA,2,2,NA,1
"229","Actor Network Theory (ANT)","Callon, M., & Law, J.","1995","Agency and the Hybrid Collectif","https://doi.org/10.1215/00382876-94-2-481",NA,NA,NA,NA,NA,NA,NA,2,NA,2,1
"230","Actor Network Theory (ANT)","Farias, I., Roberts, C., & Blok, A.","2020","The Routledge companion to actor-network theory",NA,NA,"9781032475486",NA,NA,NA,NA,NA,2,NA,2,1
"231","Actor Network Theory (ANT)","Latour, B. ","2005","Reassembling the Social - An Introduction to Actor Network Theory","https://doi.org/10.1093/oso/9780199256044.001.0001",NA,NA,NA,NA,NA,NA,NA,2,NA,2,1
"232","Actor Network Theory (ANT)","Law, J. ","2008","Actor Network Theory and Material Semiotics","https://doi.org/10.1002/9781444304992.ch7",NA,NA,NA,NA,NA,NA,NA,2,NA,2,1
"233","Actor Network Theory (ANT)","Sismondo, S.","2010","An introduction to science and technology studies",NA,NA,"978-1-405-18765-7",NA,NA,NA,NA,NA,2,NA,2,1
"234","Regenerative approaches","Duncan, J., M. Carolan, M. and J.S. Wiskerke","2021","Regenerating food systems: A socio-ecological approach'. in Duncan, J., Carolan, M. and Wiskerke, J.S. eds","https://doi.org/10.4324/9780429466823",NA,NA,NA,NA,NA,NA,2,1,2,NA,NA
"235","Regenerative approaches","Fullerton, J.","2015","Regenerative capitalism: How universal principles and patterns will shape our new economy",NA,"https://capitalinstitute.org/wp-content/uploads/2015/04/2015-Regenerative-Capitalism-4-20-15-final.pdf",NA,NA,NA,NA,NA,2,1,2,NA,NA
"236","Regenerative approaches","Gibbons, L.V., Cloutier, S.A., Coseo, P.J. and Barakat, A.","2018","Regenerative development as an integrative paradigm and methodology for landscape sustainability","https://doi.org/10.3390/su10061910",NA,NA,NA,NA,NA,NA,2,1,2,NA,NA
"237","Regenerative approaches","Girardet, H. ","2015","Creating regenerative cities","https://doi.org/10.4324/9781315764375",NA,NA,NA,NA,NA,NA,2,1,2,NA,NA
"238","Regenerative approaches","Gordon, E., Davila, F. and Riedy, C","2022","Transforming landscapes and mindscapes through regenerative agriculture","https://doi.org/10.1007/s10460-021-10276-0",NA,NA,NA,NA,NA,NA,2,1,2,NA,NA
"239","Regenerative approaches","Hess, D. and C. Du Plessis","2014","Designing for Hope: Pathways to Regenerative Sustainability","https://doi.org/10.4324/9781315755373",NA,NA,NA,NA,NA,NA,2,1,2,NA,NA
"240","Regenerative approaches","Lovins, H and B. Cohen","2019","The Way Out: Kick-Starting Capitalism to Save Our Economic Ass",NA,NA,"978-0809034697",NA,NA,NA,NA,2,1,2,NA,NA
"241","Regenerative approaches","Mang, P. and B. Reed ","2020","Regenerative development and design' in 'Sustainable Built Environments","https://doi.org/10.1007/978-1-0716-0684-1_303",NA,NA,NA,NA,NA,NA,2,1,2,NA,NA
"242","Regenerative approaches","Newton, P., N. Civita, L. Frankel-Goldwater, K. Bartel and C. Johns ","2020","What Is Regenerative Agriculture? A Review of Scholar and Practitioner Definitions Based on Processes and Outcomes","https://doi.org/10.3389/fsufs.2020.577723",NA,NA,NA,NA,NA,NA,2,1,2,NA,NA
"243","Regenerative approaches","Raworth, K.","2017","Doughnut Economics: Seven Ways to think like a 21st Century Economist",NA,NA,"978-1847941374",NA,NA,NA,NA,2,1,2,NA,NA
"244","Regenerative approaches","Reed, Bill","2007","Shifting from 'sustainability' to regeneration","https://doi.org/10.1080/09613210701475753",NA,NA,NA,NA,NA,NA,2,1,2,NA,NA
"245","Regenerative approaches","Carol Sandford","2017","The Regenerative Business: Redesign Work, Cultivate Human Potential, Achieve Extraordinary Outcomes",NA,NA,"978-1473669109",NA,NA,NA,NA,2,1,2,NA,NA
"246","Regenerative approaches","Tillman Lyle","1994","Regenerative design for Sustainable Development",NA,NA,"978-0-471-17843-9",NA,NA,NA,NA,2,1,2,NA,NA
"247","Regenerative approaches","Wahl, D. C.","2016","Designing regenerative cultures.",NA,NA,"978-1909470774",NA,NA,NA,NA,2,1,2,NA,NA
"248","International political economy","Newell, P.","2021","Power Shift: The Global Political Economy of Energy Transitions","https://doi.org/10.1017/9781108966184",NA,NA,NA,NA,NA,NA,NA,2,NA,2,1
"249","International political economy","Patel, R. & Moore, J.","2018","A History of the World in Seven Cheap Things","https://doi.org/10.1525/9780520966376",NA,NA,NA,NA,NA,NA,NA,2,NA,2,1
"250","International political economy","Perez, C.","2002","echnological Revolutions and Financial Capital: The Dynamics of Bubbles and Golden Ages","https://doi.org/10.4337/9781781005323",NA,NA,NA,NA,NA,NA,NA,2,NA,2,1
"251","International political economy","Scoones, I., Leach, M., & Newell, P.","2015","The Politics of Green Transformations","https://doi.org/10.4324/9781315747378-1",NA,NA,NA,NA,NA,NA,NA,2,NA,2,1
"252","International political economy","Strange, S.","1988","States and Markets: An Introduction to International Political Economy",NA,NA,"978-1855672369",NA,NA,NA,NA,NA,2,NA,2,1
"253","Inner Transformation","-",NA,NA,NA,NA,NA,NA,NA,NA,NA,NA,NA,1,1,2
"254","Relationality","Deleuze G, Guattari F.","1988","A thousand plateaus: capitalism and Schizophrenia",NA,NA,"978-0816614028",NA,NA,NA,NA,2,NA,1,NA,NA
"255","Relationality","Raymond, C.M., R. Kaaronen, M.Giusti, N. Linder &amp; S. Barthel ","2021","Engaging with the pragmatics of relational thinking, leverage points and transformations – Reply to West et al.","10.1080/26395916.2020.1867645",NA,NA,NA,NA,NA,NA,2,NA,1,NA,NA
"256","Relationality","Walsh, Z., Böhme, J. &amp; Wamsler, C.","2021","Towards a relational paradigm in sustainability research, practice, and education","https://doi.org/10.1007/s13280-020-01322-y",NA,NA,NA,NA,NA,NA,2,NA,1,NA,NA
"257","Relationality","Whatmore S.","2002","Hybrid geographies: natures cultures spaces","10.4135/9781446219713",NA,NA,NA,NA,NA,NA,2,NA,1,NA,NA
"258","Relationality","Barad KM.","2007","Meeting the Universe halfway: quantum physics and the entanglement of","https://doi.org/10.2307/j.ctv12101zq",NA,NA,NA,NA,NA,NA,2,NA,1,NA,NA
"259","Relationality","Bennett J.","2010","Vibrant matter: A political ecology of things","https://doi.org/10.2307/j.ctv111jh6w",NA,NA,NA,NA,NA,NA,2,NA,1,NA,NA
"260","Relationality","Haraway, D.","1988","Situated knowledges: The science question in feminism and the privilige of partial perspective","https://doi.org/10.2307/3178066",NA,NA,NA,NA,NA,NA,2,NA,1,NA,NA
"261","Relationality","Latour, B.","2005","Reassembling the social: An introduction to actornetwork theory","https://doi.org/10.1093/oso/9780199256044.001.0001",NA,NA,NA,NA,NA,NA,2,NA,1,NA,NA
"262","Relationality","Puis de la Bellacasa, M.","2017","Matters of care: Speculative ethics in more than human worlds",NA,NA,"978-1-5179-0065-6",NA,NA,NA,NA,2,NA,1,NA,NA
"263","SHIFT","White, K., Habib, R., & Hardisty, D. J","2019","How to SHIFT Consumer Behaviors to be More Sustainable: A Literature Review and Guiding Framework","https://doi.org/10.1177/0022242919825649",NA,NA,NA,NA,NA,NA,2,NA,1,NA,NA
"264","SHIFT","Ajzen, I.","1985","From intentions to actions: A theory of planned behavior.","https://doi.org/10.1007/978-3-642-69746-3_2",NA,NA,NA,NA,NA,NA,2,NA,1,NA,NA
"265","Regenerative dialogues for sustainable futures","Scarano FR","2019","The emergence of sustainability","https://doi.org/10.1007/978-3- 030- 06128- 9_3",NA,NA,NA,NA,NA,NA,2,2,1,NA,NA
"266","Regenerative dialogues for sustainable futures","Morse SS, Mazet JAK, Woolhouse M, Parrish CR, Carroll D, Karesh WB, Zambrana-Torrelio C, Lipkin WI, Daszak P","2012","Prediction and prevention of the next pandemic zoonosis","https://doi.org/10.1016/S0140-6736(12)61684- 5",NA,NA,NA,NA,NA,NA,2,2,1,NA,NA
"267","Regenerative dialogues for sustainable futures","Scarano FR","2024","Regenerative dialogues for sustainable futures","https://doi.org/10.1007/978-3-031-51841-6",NA,NA,NA,NA,NA,NA,2,2,1,NA,NA
"268","Regenerative dialogues for sustainable futures","Bateson G ","1972/1987","Steps to an ecology of mind: col¬lected essays in anthropology, psychiatry, and epistemology",NA,"https://ejcj.orfaleacenter.ucsb.edu/wp-content/uploads/2017/06/1972.-Gregory-Bateson-Steps-to-an-Ecology-of-Mind.pdf",NA,NA,NA,NA,NA,2,2,1,NA,NA
"269","Regenerative dialogues for sustainable futures","Guattari F","1989/2000","The three ecologies",NA,"https://monoskop.org/images/4/44/Guattari_Felix_The_Three_Ecologies.pdf",NA,NA,NA,NA,NA,2,2,1,NA,NA
"270","Regenerative dialogues for sustainable futures","IPCC ","2013","Climate change 2013: the physical science basis. Contribution of working group I to the fifth assessment report of the intergovernmental panel on climate change",NA,"https://www.ipcc.ch/site/assets/uploads/2018/02/WG1AR5_all_final.pdf",NA,NA,NA,NA,NA,2,2,1,NA,NA
"271","Everyday Resistance","Bayat, A","2000","From 'dangerous classes' to 'quiet rebels': Politics of the urban subaltern in the Global South","https://doi.org/10.1177/026858000015003005",NA,NA,NA,NA,NA,NA,NA,NA,NA,1,2
"272","Everyday Resistance","Falla, A. M. V., Brink, E., & Boyd, E","2024","Quiet resistance speaks: A global literature review of the politics of popular resistance to climate adaptation interventions","https://doi.org/10.1016/j.worlddev.2023.106530",NA,NA,NA,NA,NA,NA,NA,NA,NA,1,2
"273","Everyday Resistance","Johansson, A., & Vinthagen, S. ","2016","Dimensions of Everyday Resistance: An Analytical Framework","https://doi.org/10.1177/0896920514524604",NA,NA,NA,NA,NA,NA,NA,NA,NA,1,2
"274","Everyday Resistance","Lilja, M., Baaz, M., Schulz, M., & Vinthagen, S","2017","How Resistance Encourages Resistance: Theorizing the Nexus Between Power, 'Organised Resistance' and 'Everyday Resistance.","https://doi.org/10.1080/2158379X.2017.1286084",NA,NA,NA,NA,NA,NA,NA,NA,NA,1,2
"275","Everyday Resistance","Scott, J. C. ","1985","Weapons of the weak: Everyday forms of peasant resistance",NA,"https://www.jstor.org/stable/j.ctt1nq836",NA,NA,NA,NA,NA,NA,NA,NA,1,2
"276","Relational values and Relationality","Himes, A., Muraca, B., Anderson, C. B., Athayde, S., Beery, T., Cantú-Fernández, M., González-Jiménez, D., Gould, R. K., Hejnowicz, A. P., Kenter, J., Lenzi, D., Murali, R., Pascual, U., Raymond, C.,Ring, A., Russo, K., Samakov, A., Stålhammar, S., Thorén, H., &amp; Zent, E","2024","Why nature matures: A systematic review of intrinsic, instrumental, and relational values.","https://doi.org/10.1093/biosci/biad109  ",NA,NA,NA,NA,NA,NA,1,NA,1,NA,NA
"277","Relational values and Relationality","Jax, K., Barton, D. N., Chan, K. M. A., de Groot, R., Doyle, U., Eser, U., Görg, C., Gómez-Baggethun, E., Griewald, Y., Haber, W., Haines-Young, R., Heink, U., Jahn, T., Joosten, H., Kerschbaumer, L., Korn, H., Luck, G. W., Matzdorf, B., Muraca, B., … Wichmann, S.","2013","Ecosystem services and ethics","https://doi.org/10.1016/j.ecolecon.2013.06.008",NA,NA,NA,NA,NA,NA,1,NA,1,NA,NA
"278","Relational values and Relationality","Stålhammar, S. Thorén, H","2019","Three perspectives on relational values of nature","https://doi.org/10.1007/s11625-019-00718-4",NA,NA,NA,NA,NA,NA,1,NA,1,NA,NA
"279","Relational values and Relationality","Stålhammar, S.","2021","Assessing people&#39;s values of nature: where is the link to sustainability transformations","https://doi.org/10.3389/fevo.2021.624084 ",NA,NA,NA,NA,NA,NA,1,NA,1,NA,NA
"280","Relational values and Relationality","West, S., Haider, L. J., Stålhammar, S., &amp; Woroniecki, S.","2020","A relational turn for sustainability science?","https://doi.org/10.1080/26395916.2020.1814417",NA,NA,NA,NA,NA,NA,1,NA,1,NA,NA
"281","Relational values and Relationality","Chan KMA, et al.","2016","Opinion: Why protect nature? Rethinking values and the environment.","https://doi.org/10.1073/pnas.1525002113",NA,NA,NA,NA,NA,NA,1,NA,1,NA,NA
"282","Relational values and Relationality","Chan KM, Gould RK, Pascual U","2018","Editorial overview: Relational values: What are they, and what's the fuss about?","https://doi.org/10.1016/j.cosust.2018.11.003",NA,NA,NA,NA,NA,NA,1,NA,1,NA,NA
"283","Relational values and Relationality","Ingold, T.","2006","Rethinking the animate, re-animating thought","https://doi.org/10.1080/00141840600603111",NA,NA,NA,NA,NA,NA,1,NA,1,NA,NA
"284","Relational values and Relationality","Muraca, B.","2011","The map of moral significance: a new axiological matrix for environmental ethics.","https://doi.org/10.3197/096327111X13077055166063",NA,NA,NA,NA,NA,NA,1,NA,1,NA,NA
"285","Relational values and Relationality","Whitehead AN","1978","Process and reality",NA,NA,"978-0029345702",NA,NA,NA,NA,1,NA,1,NA,NA
"286","Transformative governance","Visseren-Hamakers et al","2021","Transformative governance of biodiversity: insights for sustainable development","https://doi.org/10.1016/j.cosust.2021.06.002",NA,NA,NA,NA,NA,NA,2,NA,NA,2,1
"287","Transformative governance","Chaffin et al.","2016","Transformative Environmental Governance.","https://doi.org/10.1146/annurev-environ-110615-085817",NA,NA,NA,NA,NA,NA,2,NA,NA,2,1
"288","Transformative governance","Visseren-Hamakers, I., & Kok, M","2022","Transforming Biodiversity Governance","10.1017/9781108856348",NA,NA,NA,NA,NA,NA,2,NA,NA,2,1
"289","Transformative governance","IPBES","2019","Global assessment report on biodiversity and ecosystem services of the Intergovernmental Science-Policy Platform on Biodiversity and Ecosystem Services","https://doi.org/10.5281/zenodo.3832107",NA,NA,NA,NA,NA,NA,2,NA,NA,2,1
"290","Transformative governance","Rusch et al. ","2022"," A joint climate and nature cure: A transformative change perspective","https://doi.org/10.1007/s13280-021-01679-8",NA,NA,NA,NA,NA,NA,2,NA,NA,2,1
"291","Technological and scientific constructivism","Bijker, Wiebe E., Thomas P. Hughes, and Trevor J. Pinch, eds","1987","The Social Construction of Technological Systems: New Directions in the Sociology and History of Technology",NA,NA,"9780262517607",NA,NA,NA,1,2,2,NA,2,NA
"292","Technological and scientific constructivism","Hughes, T","2000","Rescuing Prometheus: Four Monumental Projects That Changed the Modern World",NA,NA,"978-0679739388",NA,NA,NA,1,2,2,NA,2,NA
"293","Technological and scientific constructivism","Latour, B. ","1987","Science in action: how to follow engineers and scientists through society",NA,NA,"9780674792913",NA,NA,NA,1,2,2,NA,2,NA
"294","Technological and scientific constructivism","Latour, B.","2004","Politics of nature: how to bring the sciences into democracy","https://doi.org/10.2307/j.ctv1bzfprt",NA,NA,NA,NA,NA,1,2,2,NA,2,NA
"295","Technological and scientific constructivism","Marx, L. and Smith M. R. (eds)","1994","Does Technology Drive History?",NA,NA,"9780262193474",NA,NA,NA,1,2,2,NA,2,NA
"296","Environmental State and the Green State","Robyn Eckersley","2021","Greening states and societies: from transitions to great transformations","10.1080/09644016.2020.1810890",NA,NA,NA,NA,NA,2,NA,2,NA,NA,1
"297","Environmental State and the Green State","Duit, A.; Feindt, P.H. and James Meadowcroft","2016","Greening the leviathan? Rise of the environmental state","http://dx.doi.org/10.1080/09644016.2015.1085218",NA,NA,NA,NA,NA,2,NA,2,NA,NA,1
"298","Environmental State and the Green State","Daniel Hausknost","2020","The environmental state and the glass ceiling of transformation","10.1080/09644016.2019.1680062",NA,NA,NA,NA,NA,2,NA,2,NA,NA,1
"299","Environmental State and the Green State","Robyn Eckersley","2004","The Green State: Rethinking Democracy and Sovereignty","https://doi.org/10.7551/mitpress/3364.001.0001",NA,NA,NA,NA,NA,2,NA,2,NA,NA,1
"300","Structuration Theory","Giddens, A.","1984","The Constitution of Society: Outline of the Theory of Structuration",NA,NA,"978-0745600079",NA,NA,NA,NA,NA,NA,NA,NA,NA
"301","Structuration Theory","Wendt, A.","2015","Quantum mind and social science: unifying physical and social ontology","https://doi.org/10.1017/CBO9781316005163",NA,NA,NA,NA,NA,NA,NA,NA,NA,NA,NA
"302","Structuration Theory","Lippuner, R. & Werlen, B","2009","Structuration theory",NA,NA,"9780080449111",NA,NA,NA,NA,NA,NA,NA,NA,NA
"303","Structuration Theory","Stone, R.","2005","Structuration Theory",NA,NA,"9780333793787",NA,NA,NA,NA,NA,NA,NA,NA,NA
"304","Structuration Theory","Sewell Jr, W. H.","2005","Logics of history: Social theory and social transformation",NA,NA,"978-0226749181",NA,NA,NA,NA,NA,NA,NA,NA,NA
"305","Social Practice Theory","Behagel, Jelle Hendrik, Bas Arts, and Esther Turnhout.","2019","Beyond Argumentation: A Practice-Based Approach to Environmental Policy","https://doi.org/10.1080/1523908X.2017.1295841",NA,NA,NA,NA,NA,NA,NA,NA,NA,NA,NA
"306","Social Practice Theory","Hargreaves, T.","2011","Practice-ing behaviour change: Applying social practice theory to pro-environmental behaviour change","https://doi.org/10.1177/1469540510390500",NA,NA,NA,NA,NA,NA,NA,NA,NA,NA,NA
"307","Social Practice Theory","Nicolini, Davide","2012","Practice Theory, Work, and Organization: An Introduction",NA,NA,"9780199231591",NA,NA,NA,NA,NA,NA,NA,NA,NA
"308","Social Practice Theory","Reckwitz, Andreas.Reckwitz, Andreas.","2002","Toward a Theory of Social Practices: A Development in Culturalist Theorizing","https://doi.org/10.1177/13684310222225432",NA,NA,NA,NA,NA,NA,NA,NA,NA,NA,NA
